Epoch,E2W_COR_FLUX
2019-02-05 09:00:00,399.00995
2019-02-05 09:01:00,389.17447
2019-02-05 09:02:00,380.4806
2019-02-05 09:03:00,387.20404
2019-02-05 09:04:00,397.73416
2019-02-05 09:05:00,374.8536
2019-02-05 09:06:00,383.8581
2019-02-05 09:07:00,386.8045
2019-02-05 09:08:00,409.54422
2019-02-05 09:09:00,389.96487
2019-02-05 09:10:00,398.55722
2019-02-05 09:11:00,398.39105
2019-02-05 09:12:00,375.46387
2019-02-05 09:13:00,363.30927
2019-02-05 09:14:00,365.32724
2019-02-05 09:15:00,363.6302
2019-02-05 09:16:00,357.90268
2019-02-05 09:17:00,343.3334
2019-02-05 09:18:00,354.6988
2019-02-05 09:19:00,363.196
2019-02-05 09:20:00,365.53683
2019-02-05 09:21:00,385.12445
2019-02-05 09:22:00,355.3854
2019-02-05 09:23:00,389.38382
2019-02-05 09:24:00,377.38034
2019-02-05 09:25:00,364.15228
2019-02-05 09:26:00,354.51465
2019-02-05 09:27:00,367.44934
2019-02-05 09:28:00,339.3131
2019-02-05 09:29:00,333.33435
2019-02-05 09:30:00,336.03052
2019-02-05 09:31:00,352.70132
2019-02-05 09:32:00,344.19022
2019-02-05 09:33:00,372.59106
2019-02-05 09:34:00,349.72916
2019-02-05 09:35:00,346.53885
2019-02-05 09:36:00,348.17728
2019-02-05 09:37:00,363.8839
2019-02-05 09:38:00,354.23514
2019-02-05 09:39:00,381.03073
2019-02-05 09:40:00,365.16443
2019-02-05 09:41:00,358.79126
2019-02-05 09:42:00,376.81863
2019-02-05 09:43:00,352.3786
2019-02-05 09:44:00,350.9184
2019-02-05 09:45:00,360.3887
2019-02-05 09:46:00,376.37485
2019-02-05 09:47:00,398.67096
2019-02-05 09:48:00,391.27145
2019-02-05 09:49:00,365.01663
2019-02-05 09:50:00,388.75098
2019-02-05 09:51:00,386.73254
2019-02-05 09:52:00,394.29944
2019-02-05 09:53:00,399.02405
2019-02-05 09:54:00,399.5327
2019-02-05 09:55:00,378.55112
2019-02-05 09:56:00,341.06058
2019-02-05 09:57:00,379.48972
2019-02-05 09:58:00,395.05133
2019-02-05 09:59:00,390.78
2019-02-05 10:00:00,398.81723
2019-02-05 10:01:00,389.4782
2019-02-05 10:02:00,418.5757
2019-02-05 10:03:00,405.77866
2019-02-05 10:04:00,410.1815
2019-02-05 10:05:00,404.3655
2019-02-05 10:06:00,423.83017
2019-02-05 10:07:00,406.88785
2019-02-05 10:08:00,427.36752
2019-02-05 10:09:00,439.87338
2019-02-05 10:10:00,442.92133
2019-02-05 10:11:00,451.21942
2019-02-05 10:12:00,463.8799
2019-02-05 10:13:00,437.5434
2019-02-05 10:14:00,468.01788
2019-02-05 10:15:00,459.79642
2019-02-05 10:16:00,452.8215
2019-02-05 10:17:00,478.58725
2019-02-05 10:18:00,493.4797
2019-02-05 10:19:00,469.0858
2019-02-05 10:20:00,482.88406
2019-02-05 10:21:00,477.8122
2019-02-05 10:22:00,467.78836
2019-02-05 10:23:00,496.9544
2019-02-05 10:24:00,476.88156
2019-02-05 10:25:00,471.58707
2019-02-05 10:26:00,485.5661
2019-02-05 10:27:00,456.35794
2019-02-05 10:28:00,486.944
2019-02-05 10:29:00,497.40726
2019-02-05 10:30:00,463.0085
2019-02-05 10:31:00,435.5768
2019-02-05 10:32:00,443.83307
2019-02-05 10:33:00,411.32755
2019-02-05 10:34:00,385.5203
2019-02-05 10:35:00,401.55066
2019-02-05 10:36:00,392.17514
2019-02-05 10:37:00,382.40677
2019-02-05 10:38:00,361.1035
2019-02-05 10:39:00,392.649
2019-02-05 10:40:00,394.79855
2019-02-05 10:41:00,387.12378
2019-02-05 10:42:00,388.17737
2019-02-05 10:43:00,362.08957
2019-02-05 10:44:00,379.28796
2019-02-05 10:45:00,393.89453
2019-02-05 10:46:00,394.92148
2019-02-05 10:47:00,406.40146
2019-02-05 10:48:00,377.85614
2019-02-05 10:49:00,388.65588
2019-02-05 10:50:00,389.55072
2019-02-05 10:51:00,394.40167
2019-02-05 10:52:00,398.74295
2019-02-05 10:53:00,405.6618
2019-02-05 10:54:00,378.6713
2019-02-05 10:55:00,414.5647
2019-02-05 10:56:00,423.0161
2019-02-05 10:57:00,431.50662
2019-02-05 10:58:00,394.4304
2019-02-05 10:59:00,408.9339
2019-02-05 11:00:00,423.06097
2019-02-05 11:01:00,386.17706
2019-02-05 11:02:00,431.351
2019-02-05 11:03:00,386.75723
2019-02-05 11:04:00,400.2629
2019-02-05 11:05:00,399.64075
2019-02-05 11:06:00,416.8813
2019-02-05 11:07:00,434.0313
2019-02-05 11:08:00,422.47784
2019-02-05 11:09:00,442.7178
2019-02-05 11:10:00,446.65408
2019-02-05 11:11:00,430.698
2019-02-05 11:12:00,415.5871
2019-02-05 11:13:00,435.19495
2019-02-05 11:14:00,451.30734
2019-02-05 11:15:00,447.18268
2019-02-05 11:16:00,430.91748
2019-02-05 11:17:00,489.04016
2019-02-05 11:18:00,443.57837
2019-02-05 11:19:00,458.92957
2019-02-05 11:20:00,466.01456
2019-02-05 11:21:00,441.23264
2019-02-05 11:22:00,495.12506
2019-02-05 11:23:00,448.03934
2019-02-05 11:24:00,473.87665
2019-02-05 11:25:00,471.20673
2019-02-05 11:26:00,480.21152
2019-02-05 11:27:00,488.2303
2019-02-05 11:28:00,509.66476
2019-02-05 11:29:00,505.2582
2019-02-05 11:30:00,491.42896
2019-02-05 11:31:00,514.5805
2019-02-05 11:32:00,498.81573
2019-02-05 11:33:00,544.95667
2019-02-05 11:34:00,524.5411
2019-02-05 11:35:00,531.5999
2019-02-05 11:36:00,515.2091
2019-02-05 11:37:00,523.17017
2019-02-05 11:38:00,565.61945
2019-02-05 11:39:00,535.1358
2019-02-05 11:40:00,521.6003
2019-02-05 11:41:00,544.5803
2019-02-05 11:42:00,535.7429
2019-02-05 11:43:00,524.0765
2019-02-05 11:44:00,568.877
2019-02-05 11:45:00,576.9887
2019-02-05 11:46:00,574.8349
2019-02-05 11:47:00,547.15894
2019-02-05 11:48:00,568.3657
2019-02-05 11:49:00,550.65753
2019-02-05 11:50:00,544.11884
2019-02-05 11:51:00,557.233
2019-02-05 11:52:00,528.4213
2019-02-05 11:53:00,579.67664
2019-02-05 11:54:00,556.0923
2019-02-05 11:55:00,562.906
2019-02-05 11:56:00,531.98004
2019-02-05 11:57:00,585.73975
2019-02-05 11:58:00,535.785
2019-02-05 11:59:00,539.4858
2019-02-05 12:00:00,531.20886
2019-02-05 12:01:00,526.2779
2019-02-05 12:02:00,534.91675
2019-02-05 12:03:00,515.54065
2019-02-05 12:04:00,533.96936
2019-02-05 12:05:00,545.93396
2019-02-05 12:06:00,532.3965
2019-02-05 12:07:00,528.213
2019-02-05 12:08:00,528.06165
2019-02-05 12:09:00,556.2114
2019-02-05 12:10:00,528.06647
2019-02-05 12:11:00,487.07416
2019-02-05 12:12:00,514.65454
2019-02-05 12:13:00,514.6726
2019-02-05 12:14:00,537.76056
2019-02-05 12:15:00,534.2392
2019-02-05 12:16:00,503.60208
2019-02-05 12:17:00,521.11017
2019-02-05 12:18:00,521.4078
2019-02-05 12:19:00,514.80383
2019-02-05 12:20:00,550.93365
2019-02-05 12:21:00,542.5065
2019-02-05 12:22:00,543.4492
2019-02-05 12:23:00,579.9243
2019-02-05 12:24:00,544.8619
2019-02-05 12:25:00,558.6429
2019-02-05 12:26:00,564.2342
2019-02-05 12:27:00,557.50055
2019-02-05 12:28:00,564.6095
2019-02-05 12:29:00,574.9749
2019-02-05 12:30:00,533.8556
2019-02-05 12:31:00,581.71643
2019-02-05 12:32:00,555.2726
2019-02-05 12:33:00,535.21576
2019-02-05 12:34:00,592.8875
2019-02-05 12:35:00,582.06006
2019-02-05 12:36:00,631.63007
2019-02-05 12:37:00,600.7278
2019-02-05 12:38:00,587.2821
2019-02-05 12:39:00,583.4849
2019-02-05 12:40:00,587.23865
2019-02-05 12:41:00,548.8903
2019-02-05 12:42:00,548.2443
2019-02-05 12:43:00,590.1067
2019-02-05 12:44:00,597.01764
2019-02-05 12:45:00,578.8518
2019-02-05 12:46:00,605.14954
2019-02-05 12:47:00,601.7438
2019-02-05 12:48:00,561.63306
2019-02-05 12:49:00,576.614
2019-02-05 12:50:00,577.4354
2019-02-05 12:51:00,567.96216
2019-02-05 12:52:00,585.0703
2019-02-05 12:53:00,605.78864
2019-02-05 12:54:00,598.919
2019-02-05 12:55:00,536.7136
2019-02-05 12:56:00,557.0244
2019-02-05 12:57:00,576.28094
2019-02-05 12:58:00,581.8022
2019-02-05 12:59:00,550.07544
2019-02-05 13:00:00,532.132
2019-02-05 13:01:00,547.6483
2019-02-05 13:02:00,547.6658
2019-02-05 13:03:00,553.8835
2019-02-05 13:04:00,524.2689
2019-02-05 13:05:00,510.72293
2019-02-05 13:06:00,537.17676
2019-02-05 13:07:00,494.78137
2019-02-05 13:08:00,545.08966
2019-02-05 13:09:00,542.30914
2019-02-05 13:10:00,499.43036
2019-02-05 13:11:00,482.36267
2019-02-05 13:12:00,494.89468
2019-02-05 13:13:00,525.6585
2019-02-05 13:14:00,492.59695
2019-02-05 13:15:00,473.69943
2019-02-05 13:16:00,455.7797
2019-02-05 13:17:00,467.96695
2019-02-05 13:18:00,488.87683
2019-02-05 13:19:00,456.56247
2019-02-05 13:20:00,431.836
2019-02-05 13:21:00,412.012
2019-02-05 13:22:00,459.13126
2019-02-05 13:23:00,421.29605
2019-02-05 13:24:00,412.14655
2019-02-05 13:25:00,436.36972
2019-02-05 13:26:00,439.64096
2019-02-05 13:27:00,420.85666
2019-02-05 13:28:00,423.79834
2019-02-05 13:29:00,410.3438
2019-02-05 13:30:00,412.68533
2019-02-05 13:31:00,407.4651
2019-02-05 13:32:00,396.27054
2019-02-05 13:33:00,406.77106
2019-02-05 13:34:00,424.2111
2019-02-05 13:35:00,405.3708
2019-02-05 13:36:00,429.00336
2019-02-05 13:37:00,453.34805
2019-02-05 13:38:00,411.4039
2019-02-05 13:39:00,444.62863
2019-02-05 13:40:00,461.07294
2019-02-05 13:41:00,466.37357
2019-02-05 13:42:00,436.6059
2019-02-05 13:43:00,461.18735
2019-02-05 13:44:00,466.56436
2019-02-05 13:45:00,474.47714
2019-02-05 13:46:00,458.0145
2019-02-05 13:47:00,447.9746
2019-02-05 13:48:00,471.17316
2019-02-05 13:49:00,474.71393
2019-02-05 13:50:00,457.33557
2019-02-05 13:51:00,455.53668
2019-02-05 13:52:00,484.99063
2019-02-05 13:53:00,472.79654
2019-02-05 13:54:00,462.67157
2019-02-05 13:55:00,457.2561
2019-02-05 13:56:00,461.80972
2019-02-05 13:57:00,480.4864
2019-02-05 13:58:00,463.8627
2019-02-05 13:59:00,452.4024
2019-02-05 14:00:00,469.70877
2019-02-05 14:01:00,483.81174
2019-02-05 14:02:00,486.12207
2019-02-05 14:03:00,459.41898
2019-02-05 14:04:00,460.79242
2019-02-05 14:05:00,477.02698
2019-02-05 14:06:00,457.68323
2019-02-05 14:07:00,469.7559
2019-02-05 14:08:00,439.56418
2019-02-05 14:09:00,456.47067
2019-02-05 14:10:00,457.12112
2019-02-05 14:11:00,470.6819
2019-02-05 14:12:00,428.1744
2019-02-05 14:13:00,434.5428
2019-02-05 14:14:00,422.6228
2019-02-05 14:15:00,423.37708
2019-02-05 14:16:00,432.78046
2019-02-05 14:17:00,414.1517
2019-02-05 14:18:00,416.6489
2019-02-05 14:19:00,457.6089
2019-02-05 14:20:00,433.72592
2019-02-05 14:21:00,446.64496
2019-02-05 14:22:00,434.61765
2019-02-05 14:23:00,425.22537
2019-02-05 14:24:00,435.1884
2019-02-05 14:25:00,443.83978
2019-02-05 14:26:00,458.5314
2019-02-05 14:27:00,444.5811
2019-02-05 14:28:00,433.61252
2019-02-05 14:29:00,444.97443
2019-02-05 14:30:00,445.4962
2019-02-05 14:31:00,453.0487
2019-02-05 14:32:00,456.7573
2019-02-05 14:33:00,432.56705
2019-02-05 14:34:00,440.93436
2019-02-05 14:35:00,463.55106
2019-02-05 14:36:00,421.732
2019-02-05 14:37:00,425.4939
2019-02-05 14:38:00,418.65625
2019-02-05 14:39:00,406.69846
2019-02-05 14:40:00,425.4562
2019-02-05 14:41:00,453.86514
2019-02-05 14:42:00,441.70078
2019-02-05 14:43:00,440.27246
2019-02-05 14:44:00,465.8729
2019-02-05 14:45:00,472.6974
2019-02-05 14:46:00,468.15146
2019-02-05 14:47:00,461.80627
2019-02-05 14:48:00,477.76523
2019-02-05 14:49:00,459.9324
2019-02-05 14:50:00,459.01782
2019-02-05 14:51:00,480.38614
2019-02-05 14:52:00,513.56934
2019-02-05 14:53:00,494.4307
2019-02-05 14:54:00,484.41443
2019-02-05 14:55:00,462.35413
2019-02-05 14:56:00,488.97128
2019-02-05 14:57:00,519.68536
2019-02-05 14:58:00,519.624
2019-02-05 14:59:00,501.82
2019-02-05 15:00:00,481.9296
2019-02-05 15:01:00,461.70926
2019-02-05 15:02:00,459.59805
2019-02-05 15:03:00,469.70374
2019-02-05 15:04:00,486.38983
2019-02-05 15:05:00,468.76187
2019-02-05 15:06:00,474.97653
2019-02-05 15:07:00,457.87427
2019-02-05 15:08:00,430.18286
2019-02-05 15:09:00,455.24496
2019-02-05 15:10:00,469.27365
2019-02-05 15:11:00,455.271
2019-02-05 15:12:00,470.64822
2019-02-05 15:13:00,441.2706
2019-02-05 15:14:00,448.63492
2019-02-05 15:15:00,432.5475
2019-02-05 15:16:00,420.7227
2019-02-05 15:17:00,463.93936
2019-02-05 15:18:00,461.03217
2019-02-05 15:19:00,440.9172
2019-02-05 15:20:00,438.52298
2019-02-05 15:21:00,439.45355
2019-02-05 15:22:00,462.96277
2019-02-05 15:23:00,425.1594
2019-02-05 15:24:00,413.70987
2019-02-05 15:25:00,448.75433
2019-02-05 15:26:00,420.44684
2019-02-05 15:27:00,423.40988
2019-02-05 15:28:00,443.8217
2019-02-05 15:29:00,443.62817
2019-02-05 15:30:00,452.40125
2019-02-05 15:31:00,450.56964
2019-02-05 15:32:00,402.57266
2019-02-05 15:33:00,418.51883
2019-02-05 15:34:00,457.7434
2019-02-05 15:35:00,439.75403
2019-02-05 15:36:00,411.32324
2019-02-05 15:37:00,407.47537
2019-02-05 15:38:00,405.8461
2019-02-05 15:39:00,422.5869
2019-02-05 15:40:00,424.43875
2019-02-05 15:41:00,407.34686
2019-02-05 15:42:00,385.40976
2019-02-05 15:43:00,414.56747
2019-02-05 15:44:00,414.25674
2019-02-05 15:45:00,440.21173
2019-02-05 15:46:00,409.06628
2019-02-05 15:47:00,413.13647
2019-02-05 15:48:00,397.45422
2019-02-05 15:49:00,386.7204
2019-02-05 15:50:00,407.60422
2019-02-05 15:51:00,404.00928
2019-02-05 15:52:00,378.38483
2019-02-05 15:53:00,385.22375
2019-02-05 15:54:00,377.24994
2019-02-05 15:55:00,401.99677
2019-02-05 15:56:00,398.2313
2019-02-05 15:57:00,379.01547
2019-02-05 15:58:00,405.41113
2019-02-05 15:59:00,401.2224
2019-02-05 16:00:00,405.20828
2019-02-05 16:01:00,408.60193
2019-02-05 16:02:00,409.91003
2019-02-05 16:03:00,406.7711
2019-02-05 16:04:00,406.33716
2019-02-05 16:05:00,412.43307
2019-02-05 16:06:00,424.73215
2019-02-05 16:07:00,406.3363
2019-02-05 16:08:00,455.49585
2019-02-05 16:09:00,472.1821
2019-02-05 16:10:00,442.46182
2019-02-05 16:11:00,444.00507
2019-02-05 16:12:00,428.94077
2019-02-05 16:13:00,432.96933
2019-02-05 16:14:00,438.81897
2019-02-05 16:15:00,431.60483
2019-02-05 16:16:00,433.44275
2019-02-05 16:17:00,420.15945
2019-02-05 16:18:00,464.6907
2019-02-05 16:19:00,439.9215
2019-02-05 16:20:00,463.94888
2019-02-05 16:21:00,437.42926
2019-02-05 16:22:00,429.45285
2019-02-05 16:23:00,469.4279
2019-02-05 16:24:00,445.64478
2019-02-05 16:25:00,476.82684
2019-02-05 16:26:00,499.0069
2019-02-05 16:27:00,451.81607
2019-02-05 16:28:00,471.3675
2019-02-05 16:29:00,490.25815
2019-02-05 16:30:00,513.58026
2019-02-05 16:31:00,507.01926
2019-02-05 16:32:00,542.97345
2019-02-05 16:33:00,523.132
2019-02-05 16:34:00,494.75916
2019-02-05 16:35:00,495.73877
2019-02-05 16:36:00,512.7353
2019-02-05 16:37:00,525.9707
2019-02-05 16:38:00,545.7432
2019-02-05 16:39:00,561.89154
2019-02-05 16:40:00,583.11224
2019-02-05 16:41:00,565.1736
2019-02-05 16:42:00,573.4741
2019-02-05 16:43:00,562.0446
2019-02-05 16:44:00,563.0123
2019-02-05 16:45:00,540.21466
2019-02-05 16:46:00,545.9741
2019-02-05 16:47:00,531.056
2019-02-05 16:48:00,540.44446
2019-02-05 16:49:00,533.95685
2019-02-05 16:50:00,519.6794
2019-02-05 16:51:00,530.56055
2019-02-05 16:52:00,548.90247
2019-02-05 16:53:00,551.5712
2019-02-05 16:54:00,557.3787
2019-02-05 16:55:00,567.1387
2019-02-05 16:56:00,568.10046
2019-02-05 16:57:00,590.349
2019-02-05 16:58:00,617.57025
2019-02-05 16:59:00,588.0792
2019-02-05 17:00:00,585.7634
2019-02-05 17:01:00,620.6216
2019-02-05 17:02:00,606.5359
2019-02-05 17:03:00,591.65674
2019-02-05 17:04:00,621.41254
2019-02-05 17:05:00,602.7129
2019-02-05 17:06:00,613.68146
2019-02-05 17:07:00,603.149
2019-02-05 17:08:00,617.9568
2019-02-05 17:09:00,633.7523
2019-02-05 17:10:00,595.3978
2019-02-05 17:11:00,590.46094
2019-02-05 17:12:00,622.8084
2019-02-05 17:13:00,638.0027
2019-02-05 17:14:00,630.88025
2019-02-05 17:15:00,634.04926
2019-02-05 17:16:00,661.55505
2019-02-05 17:17:00,666.4656
2019-02-05 17:18:00,638.154
2019-02-05 17:19:00,646.8708
2019-02-05 17:20:00,573.83545
2019-02-05 17:21:00,626.25854
2019-02-05 17:22:00,612.843
2019-02-05 17:23:00,619.55597
2019-02-05 17:24:00,625.59564
2019-02-05 17:25:00,628.38556
2019-02-05 17:26:00,611.1479
2019-02-05 17:27:00,625.82983
2019-02-05 17:28:00,640.4468
2019-02-05 17:29:00,608.44904
2019-02-05 17:30:00,689.14307
2019-02-05 17:31:00,678.3734
2019-02-05 17:32:00,642.5635
2019-02-05 17:33:00,685.09674
2019-02-05 17:34:00,660.05994
2019-02-05 17:35:00,661.4324
2019-02-05 17:36:00,710.7216
2019-02-05 17:37:00,693.96185
2019-02-05 17:38:00,680.7461
2019-02-05 17:39:00,714.0258
2019-02-05 17:40:00,712.0966
2019-02-05 17:41:00,752.50006
2019-02-05 17:42:00,732.90234
2019-02-05 17:43:00,716.4691
2019-02-05 17:44:00,719.1304
2019-02-05 17:45:00,692.71857
2019-02-05 17:46:00,755.1279
2019-02-05 17:47:00,722.3449
2019-02-05 17:48:00,708.6695
2019-02-05 17:49:00,740.7332
2019-02-05 17:50:00,792.78217
2019-02-05 17:51:00,785.7693
2019-02-05 17:52:00,781.4232
2019-02-05 17:53:00,721.5371
2019-02-05 17:54:00,753.6291
2019-02-05 17:55:00,711.97394
2019-02-05 17:56:00,726.66284
2019-02-05 17:57:00,737.2009
2019-02-05 17:58:00,710.9347
2019-02-05 17:59:00,755.65607
2019-02-05 18:00:00,771.96783
2019-02-05 18:01:00,768.88715
2019-02-05 18:02:00,759.57684
2019-02-05 18:03:00,745.4704
2019-02-05 18:04:00,752.9885
2019-02-05 18:05:00,720.05524
2019-02-05 18:06:00,770.1394
2019-02-05 18:07:00,756.1083
2019-02-05 18:08:00,754.2628
2019-02-05 18:09:00,789.23816
2019-02-05 18:10:00,756.9929
2019-02-05 18:11:00,780.3114
2019-02-05 18:12:00,756.51886
2019-02-05 18:13:00,808.4395
2019-02-05 18:14:00,780.63983
2019-02-05 18:15:00,762.05865
2019-02-05 18:16:00,736.2314
2019-02-05 18:17:00,780.226
2019-02-05 18:18:00,707.5513
2019-02-05 18:19:00,737.41583
2019-02-05 18:20:00,786.97174
2019-02-05 18:21:00,776.7663
2019-02-05 18:22:00,741.51697
2019-02-05 18:23:00,770.2788
2019-02-05 18:24:00,761.6001
2019-02-05 18:25:00,737.66986
2019-02-05 18:26:00,762.51025
2019-02-05 18:27:00,768.4446
2019-02-05 18:28:00,752.59283
2019-02-05 18:29:00,776.8335
2019-02-05 18:30:00,770.6744
2019-02-05 18:31:00,788.2835
2019-02-05 18:32:00,780.6249
2019-02-05 18:33:00,827.8081
2019-02-05 18:34:00,771.8522
2019-02-05 18:35:00,817.20355
2019-02-05 18:36:00,799.66656
2019-02-05 18:37:00,782.6884
2019-02-05 18:38:00,862.5624
2019-02-05 18:39:00,844.1121
2019-02-05 18:40:00,865.45154
2019-02-05 18:41:00,810.2257
2019-02-05 18:42:00,910.91473
2019-02-05 18:43:00,903.05475
2019-02-05 18:44:00,895.1378
2019-02-05 18:45:00,844.93335
2019-02-05 18:46:00,898.2546
2019-02-05 18:47:00,943.32275
2019-02-05 18:48:00,938.14575
2019-02-05 18:49:00,930.334
2019-02-05 18:50:00,998.426
2019-02-05 18:51:00,1054.7358
2019-02-05 18:52:00,1047.5309
2019-02-05 18:53:00,1042.6991
2019-02-05 18:54:00,1101.3224
2019-02-05 18:55:00,1083.6349
2019-02-05 18:56:00,1054.8525
2019-02-05 18:57:00,1056.701
2019-02-05 18:58:00,1112.5479
2019-02-05 18:59:00,1126.4406
2019-02-05 19:00:00,1121.6069
2019-02-05 19:01:00,1157.3677
2019-02-05 19:02:00,1165.9011
2019-02-05 19:03:00,1166.1323
2019-02-05 19:04:00,1223.4791
2019-02-05 19:05:00,1169.7013
2019-02-05 19:06:00,1121.1896
2019-02-05 19:07:00,1107.0352
2019-02-05 19:08:00,1130.3392
2019-02-05 19:09:00,1151.4915
2019-02-05 19:10:00,1124.9329
2019-02-05 19:11:00,1216.2067
2019-02-05 19:12:00,1224.5258
2019-02-05 19:13:00,1256.584
2019-02-05 19:14:00,1353.3779
2019-02-05 19:15:00,1410.435
2019-02-05 19:16:00,1380.6134
2019-02-05 19:17:00,1323.4939
2019-02-05 19:18:00,1312.9607
2019-02-05 19:19:00,1415.6368
2019-02-05 19:20:00,1354.443
2019-02-05 19:21:00,1433.4597
2019-02-05 19:22:00,1478.4474
2019-02-05 19:23:00,1410.817
2019-02-05 19:24:00,1402.6781
2019-02-05 19:25:00,1454.2375
2019-02-05 19:26:00,1478.0084
2019-02-05 19:27:00,1391.257
2019-02-05 19:28:00,1368.0966
2019-02-05 19:29:00,1417.7039
2019-02-05 19:30:00,1416.8936
2019-02-05 19:31:00,1374.3066
2019-02-05 19:32:00,1386.1753
2019-02-05 19:33:00,1356.6755
2019-02-05 19:34:00,1407.8348
2019-02-05 19:35:00,1454.6115
2019-02-05 19:36:00,1445.5574
2019-02-05 19:37:00,1352.6923
2019-02-05 19:38:00,1354.7207
2019-02-05 19:39:00,1403.5879
2019-02-05 19:40:00,1346.9509
2019-02-05 19:41:00,1327.2124
2019-02-05 19:42:00,1405.8206
2019-02-05 19:43:00,1451.822
2019-02-05 19:44:00,1450.5814
2019-02-05 19:45:00,1432.8494
2019-02-05 19:46:00,1429.6028
2019-02-05 19:47:00,1450.5648
2019-02-05 19:48:00,1433.8772
2019-02-05 19:49:00,1448.1583
2019-02-05 19:50:00,1387.1077
2019-02-05 19:51:00,1408.0507
2019-02-05 19:52:00,1344.3593
2019-02-05 19:53:00,1367.275
2019-02-05 19:54:00,1372.5044
2019-02-05 19:55:00,1426.3177
2019-02-05 19:56:00,1387.7164
2019-02-05 19:57:00,1440.0529
2019-02-05 19:58:00,1435.4003
2019-02-05 19:59:00,1494.3383
2019-02-05 20:00:00,1519.8738
2019-02-05 20:01:00,1446.1089
2019-02-05 20:02:00,1493.591
2019-02-05 20:03:00,1523.1803
2019-02-05 20:04:00,1529.8627
2019-02-05 20:05:00,1495.6006
2019-02-05 20:06:00,1524.0957
2019-02-05 20:07:00,1576.6451
2019-02-05 20:08:00,1647.7054
2019-02-05 20:09:00,1672.8226
2019-02-05 20:10:00,1680.6947
2019-02-05 20:11:00,1612.847
2019-02-05 20:12:00,1696.9197
2019-02-05 20:13:00,1689.894
2019-02-05 20:14:00,1646.7521
2019-02-05 20:15:00,1605.465
2019-02-05 20:16:00,1659.9484
2019-02-05 20:17:00,1638.4087
2019-02-05 20:18:00,1694.9012
2019-02-05 20:19:00,1646.9576
2019-02-05 20:20:00,1731.5962
2019-02-05 20:21:00,1754.6638
2019-02-05 20:22:00,1669.1215
2019-02-05 20:23:00,1818.3208
2019-02-05 20:24:00,1776.9624
2019-02-05 20:25:00,1758.1876
2019-02-05 20:26:00,1810.6381
2019-02-05 20:27:00,1817.9144
2019-02-05 20:28:00,1763.6354
2019-02-05 20:29:00,1783.8185
2019-02-05 20:30:00,1794.9266
2019-02-05 20:31:00,1819.0928
2019-02-05 20:32:00,1869.0623
2019-02-05 20:33:00,1871.2435
2019-02-05 20:34:00,1847.2428
2019-02-05 20:35:00,1749.818
2019-02-05 20:36:00,1766.2616
2019-02-05 20:37:00,1860.9252
2019-02-05 20:38:00,1779.4172
2019-02-05 20:39:00,1795.6112
2019-02-05 20:40:00,1794.8739
2019-02-05 20:41:00,1806.4503
2019-02-05 20:42:00,1858.95
2019-02-05 20:43:00,1814.0929
2019-02-05 20:44:00,1831.4323
2019-02-05 20:45:00,1836.2517
2019-02-05 20:46:00,1815.552
2019-02-05 20:47:00,1837.3698
2019-02-05 20:48:00,1879.8713
2019-02-05 20:49:00,1902.7333
2019-02-05 20:50:00,1922.4462
2019-02-05 20:51:00,1840.9996
2019-02-05 20:52:00,1890.8433
2019-02-05 20:53:00,1947.7319
2019-02-05 20:54:00,1884.711
2019-02-05 20:55:00,1941.6918
2019-02-05 20:56:00,1837.2155
2019-02-05 20:57:00,1992.5751
2019-02-05 20:58:00,1895.2548
2019-02-05 20:59:00,1856.2446
2019-02-05 21:00:00,1896.2622
2019-02-05 21:01:00,1953.6002
2019-02-05 21:02:00,1885.8594
2019-02-05 21:03:00,1891.7405
2019-02-05 21:04:00,1978.0753
2019-02-05 21:05:00,1858.3772
2019-02-05 21:06:00,1893.4482
2019-02-05 21:07:00,1956.4008
2019-02-05 21:08:00,1973.9681
2019-02-05 21:09:00,1955.1564
2019-02-05 21:10:00,1841.8319
2019-02-05 21:11:00,1914.9299
2019-02-05 21:12:00,1991.6055
2019-02-05 21:13:00,1928.7223
2019-02-05 21:14:00,1937.317
2019-02-05 21:15:00,1735.5045
2019-02-05 21:16:00,2003.3503
2019-02-05 21:17:00,1876.732
2019-02-05 21:18:00,1864.808
2019-02-05 21:19:00,1907.7258
2019-02-05 21:20:00,1764.5023
2019-02-05 21:21:00,1969.8413
2019-02-05 21:22:00,1774.4109
2019-02-05 21:23:00,1959.74
2019-02-05 21:24:00,1798.6945
2019-02-05 21:25:00,1774.3373
2019-02-05 21:26:00,1842.4398
2019-02-05 21:27:00,1745.356
2019-02-05 21:28:00,1816.1538
2019-02-05 21:29:00,1787.7325
2019-02-05 21:30:00,1775.9526
2019-02-05 21:31:00,1811.3115
2019-02-05 21:32:00,1782.3274
2019-02-05 21:33:00,1766.8431
2019-02-05 21:34:00,1780.3931
2019-02-05 21:35:00,1744.1252
2019-02-05 21:36:00,1763.2621
2019-02-05 21:37:00,1694.0718
2019-02-05 21:38:00,1764.7119
2019-02-05 21:39:00,1718.2032
2019-02-05 21:40:00,1749.3616
2019-02-05 21:41:00,1726.1167
2019-02-05 21:42:00,1722.1543
2019-02-05 21:43:00,1719.9067
2019-02-05 21:44:00,1701.7887
2019-02-05 21:45:00,1776.5552
2019-02-05 21:46:00,1743.6835
2019-02-05 21:47:00,1746.3263
2019-02-05 21:48:00,1673.4092
2019-02-05 21:49:00,1688.9807
2019-02-05 21:50:00,1738.0327
2019-02-05 21:51:00,1651.3627
2019-02-05 21:52:00,1776.3625
2019-02-05 21:53:00,1608.874
2019-02-05 21:54:00,1729.959
2019-02-05 21:55:00,1628.8329
2019-02-05 21:56:00,1687.3013
2019-02-05 21:57:00,1652.1775
2019-02-05 21:58:00,1651.9199
2019-02-05 21:59:00,1667.953
2019-02-05 22:00:00,1648.3225
2019-02-05 22:01:00,1679.0027
2019-02-05 22:02:00,1580.9996
2019-02-05 22:03:00,1665.9241
2019-02-05 22:04:00,1709.1532
2019-02-05 22:05:00,1643.5005
2019-02-05 22:06:00,1647.2615
2019-02-05 22:07:00,1624.1938
2019-02-05 22:08:00,1664.89
2019-02-05 22:09:00,1641.8629
2019-02-05 22:10:00,1734.7102
2019-02-05 22:11:00,1658.6959
2019-02-05 22:12:00,1712.615
2019-02-05 22:13:00,1623.672
2019-02-05 22:14:00,1664.9852
2019-02-05 22:15:00,1661.7856
2019-02-05 22:16:00,1652.4275
2019-02-05 22:17:00,1666.1495
2019-02-05 22:18:00,1618.2947
2019-02-05 22:19:00,1765.6892
2019-02-05 22:20:00,1635.1656
2019-02-05 22:21:00,1724.6243
2019-02-05 22:22:00,1643.9359
2019-02-05 22:23:00,1724.7336
2019-02-05 22:24:00,1678.8976
2019-02-05 22:25:00,1649.0087
2019-02-05 22:26:00,1669.2788
2019-02-05 22:27:00,1631.284
2019-02-05 22:28:00,1766.2501
2019-02-05 22:29:00,1661.9917
2019-02-05 22:30:00,1728.8411
2019-02-05 22:31:00,1587.7053
2019-02-05 22:32:00,1727.7554
2019-02-05 22:33:00,1639.9039
2019-02-05 22:34:00,1705.2836
2019-02-05 22:35:00,1617.434
2019-02-05 22:36:00,1663.8549
2019-02-05 22:37:00,1672.9523
2019-02-05 22:38:00,1557.0552
2019-02-05 22:39:00,1771.8555
2019-02-05 22:40:00,1645.2094
2019-02-05 22:41:00,1727.8163
2019-02-05 22:42:00,1661.1768
2019-02-05 22:43:00,1756.9917
2019-02-05 22:44:00,1633.7755
2019-02-05 22:45:00,1683.823
2019-02-05 22:46:00,1729.9358
2019-02-05 22:47:00,1700.7686
2019-02-05 22:48:00,1764.9252
2019-02-05 22:49:00,1608.7454
2019-02-05 22:50:00,1763.7732
2019-02-05 22:51:00,1751.5896
2019-02-05 22:52:00,1701.5385
2019-02-05 22:53:00,1765.6752
2019-02-05 22:54:00,1732.1484
2019-02-05 22:55:00,1809.3153
2019-02-05 22:56:00,1643.725
2019-02-05 22:57:00,1848.5358
2019-02-05 22:58:00,1726.875
2019-02-05 22:59:00,1816.2214
2019-02-05 23:00:00,1784.6226
2019-02-05 23:01:00,1749.1462
2019-02-05 23:02:00,1814.0269
2019-02-05 23:03:00,1760.3042
2019-02-05 23:04:00,1831.1973
2019-02-05 23:05:00,1740.7278
2019-02-05 23:06:00,1821.0084
2019-02-05 23:07:00,1717.3759
2019-02-05 23:08:00,1851.7161
2019-02-05 23:09:00,1702.4227
2019-02-05 23:10:00,1769.205
2019-02-05 23:11:00,1740.5596
2019-02-05 23:12:00,1699.6008
2019-02-05 23:13:00,1726.1167
2019-02-05 23:14:00,1670.8041
2019-02-05 23:15:00,1725.6713
2019-02-05 23:16:00,1634.8455
2019-02-05 23:17:00,1737.6685
2019-02-05 23:18:00,1699.4352
2019-02-05 23:19:00,1698.7781
2019-02-05 23:20:00,1738.2532
2019-02-05 23:21:00,1640.0259
2019-02-05 23:22:00,1763.8986
2019-02-05 23:23:00,1635.565
2019-02-05 23:24:00,1731.3307
2019-02-05 23:25:00,1719.4221
2019-02-05 23:26:00,1756.2799
2019-02-05 23:27:00,1702.5852
2019-02-05 23:28:00,1811.3427
2019-02-05 23:29:00,1742.6223
2019-02-05 23:30:00,1845.5298
2019-02-05 23:31:00,1789.1749
2019-02-05 23:32:00,1758.5929
2019-02-05 23:33:00,1727.6809
2019-02-05 23:34:00,1778.6547
2019-02-05 23:35:00,1738.8118
2019-02-05 23:36:00,1781.0533
2019-02-05 23:37:00,1741.3336
2019-02-05 23:38:00,1762.4017
2019-02-05 23:39:00,1778.9949
2019-02-05 23:40:00,1719.0817
2019-02-05 23:41:00,1764.6205
2019-02-05 23:42:00,1699.0503
2019-02-05 23:43:00,1705.1581
2019-02-05 23:44:00,1777.2585
2019-02-05 23:45:00,1783.7434
2019-02-05 23:46:00,1760.674
2019-02-05 23:47:00,1720.4429
2019-02-05 23:48:00,1698.1481
2019-02-05 23:49:00,1716.5199
2019-02-05 23:50:00,1695.7611
2019-02-05 23:51:00,1677.0471
2019-02-05 23:52:00,1763.4897
2019-02-05 23:53:00,1718.5167
2019-02-05 23:54:00,1673.8242
2019-02-05 23:55:00,1679.4026
2019-02-05 23:56:00,1757.5557
2019-02-05 23:57:00,1698.9536
2019-02-05 23:58:00,1696.2467
2019-02-05 23:59:00,1673.1239
2019-02-06 00:00:00,1638.472
2019-02-06 00:01:00,1669.294
2019-02-06 00:02:00,1638.5387
2019-02-06 00:03:00,1650.4131
2019-02-06 00:04:00,1628.068
2019-02-06 00:05:00,1607.2059
2019-02-06 00:06:00,1611.3242
2019-02-06 00:07:00,1604.3406
2019-02-06 00:08:00,1635.9481
2019-02-06 00:09:00,1652.0974
2019-02-06 00:10:00,1674.7054
2019-02-06 00:11:00,1613.6769
2019-02-06 00:12:00,1632.3105
2019-02-06 00:13:00,1650.2223
2019-02-06 00:14:00,1693.0879
2019-02-06 00:15:00,1612.236
2019-02-06 00:16:00,1564.1656
2019-02-06 00:17:00,1638.3087
2019-02-06 00:18:00,1566.8721
2019-02-06 00:19:00,1615.3445
2019-02-06 00:20:00,1667.1688
2019-02-06 00:21:00,1604.9994
2019-02-06 00:22:00,1582.8317
2019-02-06 00:23:00,1691.3342
2019-02-06 00:24:00,1592.8645
2019-02-06 00:25:00,1628.4658
2019-02-06 00:26:00,1608.5328
2019-02-06 00:27:00,1591.409
2019-02-06 00:28:00,1591.5715
2019-02-06 00:29:00,1639.8523
2019-02-06 00:30:00,1543.1631
2019-02-06 00:31:00,1607.4349
2019-02-06 00:32:00,1578.9528
2019-02-06 00:33:00,1527.8746
2019-02-06 00:34:00,1544.4838
2019-02-06 00:35:00,1579.9695
2019-02-06 00:36:00,1585.031
2019-02-06 00:37:00,1565.9298
2019-02-06 00:38:00,1552.5146
2019-02-06 00:39:00,1525.8009
2019-02-06 00:40:00,1567.5582
2019-02-06 00:41:00,1558.0095
2019-02-06 00:42:00,1523.8119
2019-02-06 00:43:00,1520.3384
2019-02-06 00:44:00,1523.8125
2019-02-06 00:45:00,1564.1698
2019-02-06 00:46:00,1520.1068
2019-02-06 00:47:00,1462.3097
2019-02-06 00:48:00,1604.9825
2019-02-06 00:49:00,1541.429
2019-02-06 00:50:00,1525.7134
2019-02-06 00:51:00,1501.2933
2019-02-06 00:52:00,1540.3386
2019-02-06 00:53:00,1464.1714
2019-02-06 00:54:00,1476.2621
2019-02-06 00:55:00,1475.4069
2019-02-06 00:56:00,1496.2653
2019-02-06 00:57:00,1495.2526
2019-02-06 00:58:00,1520.015
2019-02-06 00:59:00,1515.8284
2019-02-06 01:00:00,1478.0215
2019-02-06 01:01:00,1481.5886
2019-02-06 01:02:00,1457.5299
2019-02-06 01:03:00,1499.9618
2019-02-06 01:04:00,1497.706
2019-02-06 01:05:00,1492.9945
2019-02-06 01:06:00,1457.9565
2019-02-06 01:07:00,1479.6013
2019-02-06 01:08:00,1463.4006
2019-02-06 01:09:00,1436.1606
2019-02-06 01:10:00,1437.8864
2019-02-06 01:11:00,1467.6534
2019-02-06 01:12:00,1456.6163
2019-02-06 01:13:00,1413.6847
2019-02-06 01:14:00,1435.5782
2019-02-06 01:15:00,1455.0695
2019-02-06 01:16:00,1429.4348
2019-02-06 01:17:00,1435.6106
2019-02-06 01:18:00,1359.8619
2019-02-06 01:19:00,1407.8016
2019-02-06 01:20:00,1428.2499
2019-02-06 01:21:00,1414.1406
2019-02-06 01:22:00,1429.8015
2019-02-06 01:23:00,1393.3228
2019-02-06 01:24:00,1410.7301
2019-02-06 01:25:00,1405.7676
2019-02-06 01:26:00,1413.5846
2019-02-06 01:27:00,1389.2448
2019-02-06 01:28:00,1405.5847
2019-02-06 01:29:00,1414.7743
2019-02-06 01:30:00,1413.7903
2019-02-06 01:31:00,1427.4613
2019-02-06 01:32:00,1430.2568
2019-02-06 01:33:00,1415.2651
2019-02-06 01:34:00,1377.4253
2019-02-06 01:35:00,1435.2117
2019-02-06 01:36:00,1410.085
2019-02-06 01:37:00,1373.8827
2019-02-06 01:38:00,1368.0872
2019-02-06 01:39:00,1348.2821
2019-02-06 01:40:00,1349.4808
2019-02-06 01:41:00,1293.1573
2019-02-06 01:42:00,1331.5624
2019-02-06 01:43:00,1303.6729
2019-02-06 01:44:00,1293.8842
2019-02-06 01:45:00,1332.2333
2019-02-06 01:46:00,1277.5898
2019-02-06 01:47:00,1291.7004
2019-02-06 01:48:00,1333.7189
2019-02-06 01:49:00,1347.2676
2019-02-06 01:50:00,1316.4103
2019-02-06 01:51:00,1225.9076
2019-02-06 01:52:00,1301.6506
2019-02-06 01:53:00,1302.5233
2019-02-06 01:54:00,1264.2051
2019-02-06 01:55:00,1322.7135
2019-02-06 01:56:00,1280.4603
2019-02-06 01:57:00,1258.0331
2019-02-06 01:58:00,1231.744
2019-02-06 01:59:00,1254.4326
2019-02-06 02:00:00,1258.1406
2019-02-06 02:01:00,1229.4818
2019-02-06 02:02:00,1297.0552
2019-02-06 02:03:00,1225.9956
2019-02-06 02:04:00,1231.5139
2019-02-06 02:05:00,1280.248
2019-02-06 02:06:00,1244.9745
2019-02-06 02:07:00,1201.9846
2019-02-06 02:08:00,1240.9941
2019-02-06 02:09:00,1247.1412
2019-02-06 02:10:00,1208.6791
2019-02-06 02:11:00,1231.3854
2019-02-06 02:12:00,1292.5659
2019-02-06 02:13:00,1231.1315
2019-02-06 02:14:00,1243.0071
2019-02-06 02:15:00,1228.8707
2019-02-06 02:16:00,1232.1285
2019-02-06 02:17:00,1257.4607
2019-02-06 02:18:00,1238.7747
2019-02-06 02:19:00,1189.7257
2019-02-06 02:20:00,1258.0548
2019-02-06 02:21:00,1261.6068
2019-02-06 02:22:00,1300.885
2019-02-06 02:23:00,1262.5603
2019-02-06 02:24:00,1189.138
2019-02-06 02:25:00,1211.0388
2019-02-06 02:26:00,1192.2277
2019-02-06 02:27:00,1144.9543
2019-02-06 02:28:00,1158.2341
2019-02-06 02:29:00,1173.6794
2019-02-06 02:30:00,1166.1315
2019-02-06 02:31:00,1171.0087
2019-02-06 02:32:00,1209.6836
2019-02-06 02:33:00,1166.4059
2019-02-06 02:34:00,1162.705
2019-02-06 02:35:00,1191.5023
2019-02-06 02:36:00,1145.8759
2019-02-06 02:37:00,1164.907
2019-02-06 02:38:00,1097.6058
2019-02-06 02:39:00,1042.884
2019-02-06 02:40:00,1125.8907
2019-02-06 02:41:00,1082.1263
2019-02-06 02:42:00,1027.3788
2019-02-06 02:43:00,1066.2032
2019-02-06 02:44:00,1039.0613
2019-02-06 02:45:00,1082.9464
2019-02-06 02:46:00,1111.4854
2019-02-06 02:47:00,1070.4495
2019-02-06 02:48:00,1044.3679
2019-02-06 02:49:00,998.05334
2019-02-06 02:50:00,1038.8363
2019-02-06 02:51:00,1015.2866
2019-02-06 02:52:00,1046.0938
2019-02-06 02:53:00,982.5674
2019-02-06 02:54:00,932.46893
2019-02-06 02:55:00,941.66956
2019-02-06 02:56:00,923.8184
2019-02-06 02:57:00,957.30524
2019-02-06 02:58:00,932.1976
2019-02-06 02:59:00,909.19495
2019-02-06 03:00:00,941.74115
2019-02-06 03:01:00,915.3702
2019-02-06 03:02:00,902.7495
2019-02-06 03:03:00,901.1401
2019-02-06 03:04:00,851.27344
2019-02-06 03:05:00,868.05304
2019-02-06 03:06:00,870.6004
2019-02-06 03:07:00,862.538
2019-02-06 03:08:00,839.8752
2019-02-06 03:09:00,849.80676
2019-02-06 03:10:00,852.1705
2019-02-06 03:11:00,795.08386
2019-02-06 03:12:00,816.72815
2019-02-06 03:13:00,814.05225
2019-02-06 03:14:00,792.1879
2019-02-06 03:15:00,778.39465
2019-02-06 03:16:00,797.7242
2019-02-06 03:17:00,779.00885
2019-02-06 03:18:00,792.9097
2019-02-06 03:19:00,767.97064
2019-02-06 03:20:00,761.026
2019-02-06 03:21:00,764.0829
2019-02-06 03:22:00,735.92816
2019-02-06 03:23:00,734.133
2019-02-06 03:24:00,706.14374
2019-02-06 03:25:00,726.38324
2019-02-06 03:26:00,706.3055
2019-02-06 03:27:00,734.00995
2019-02-06 03:28:00,733.62366
2019-02-06 03:29:00,744.66595
2019-02-06 03:30:00,708.7702
2019-02-06 03:31:00,736.1931
2019-02-06 03:32:00,778.01514
2019-02-06 03:33:00,765.9043
2019-02-06 03:34:00,753.2331
2019-02-06 03:35:00,744.9777
2019-02-06 03:36:00,721.02203
2019-02-06 03:37:00,711.7042
2019-02-06 03:38:00,703.12195
2019-02-06 03:39:00,687.8902
2019-02-06 03:40:00,686.8072
2019-02-06 03:41:00,704.6854
2019-02-06 03:42:00,689.1859
2019-02-06 03:43:00,700.3238
2019-02-06 03:44:00,669.8935
2019-02-06 03:45:00,667.0261
2019-02-06 03:46:00,684.0124
2019-02-06 03:47:00,650.7063
2019-02-06 03:48:00,672.40497
2019-02-06 03:49:00,637.6003
2019-02-06 03:50:00,611.75793
2019-02-06 03:51:00,639.17957
2019-02-06 03:52:00,640.71
2019-02-06 03:53:00,628.5336
2019-02-06 03:54:00,609.232
2019-02-06 03:55:00,557.7195
2019-02-06 03:56:00,544.4859
2019-02-06 03:57:00,547.2298
2019-02-06 03:58:00,533.1676
2019-02-06 03:59:00,528.32117
2019-02-06 04:00:00,530.14105
2019-02-06 04:01:00,534.7717
2019-02-06 04:02:00,516.7213
2019-02-06 04:03:00,502.23367
2019-02-06 04:04:00,503.10672
2019-02-06 04:05:00,495.66565
2019-02-06 04:06:00,479.44864
2019-02-06 04:07:00,428.671
2019-02-06 04:08:00,451.91846
2019-02-06 04:09:00,441.21985
2019-02-06 04:10:00,429.2251
2019-02-06 04:11:00,450.20218
2019-02-06 04:12:00,428.11957
2019-02-06 04:13:00,434.04065
2019-02-06 04:14:00,481.60196
2019-02-06 04:15:00,423.28397
2019-02-06 04:16:00,489.66095
2019-02-06 04:17:00,474.7812
2019-02-06 04:18:00,431.11346
2019-02-06 04:19:00,448.74298
2019-02-06 04:20:00,419.43988
2019-02-06 04:21:00,403.2154
2019-02-06 04:22:00,428.01102
2019-02-06 04:23:00,391.62256
2019-02-06 04:24:00,375.55847
2019-02-06 04:25:00,371.46066
2019-02-06 04:26:00,372.9436
2019-02-06 04:27:00,308.50754
2019-02-06 04:28:00,327.38007
2019-02-06 04:29:00,371.33234
2019-02-06 04:30:00,342.64688
2019-02-06 04:31:00,366.2015
2019-02-06 04:32:00,359.77753
2019-02-06 04:33:00,379.09525
2019-02-06 04:34:00,378.9135
2019-02-06 04:35:00,352.8138
2019-02-06 04:36:00,329.09674
2019-02-06 04:37:00,377.05798
2019-02-06 04:38:00,353.60852
2019-02-06 04:39:00,355.51447
2019-02-06 04:40:00,348.56454
2019-02-06 04:41:00,285.68408
2019-02-06 04:42:00,267.9606
2019-02-06 04:43:00,306.30746
2019-02-06 04:44:00,313.22028
2019-02-06 04:45:00,332.06155
2019-02-06 04:46:00,345.83115
2019-02-06 04:47:00,370.91016
2019-02-06 04:48:00,392.69617
2019-02-06 04:49:00,348.2208
2019-02-06 04:50:00,379.2283
2019-02-06 04:51:00,411.45282
2019-02-06 04:52:00,372.72287
2019-02-06 04:53:00,367.50522
2019-02-06 04:54:00,351.3591
2019-02-06 04:55:00,365.3121
2019-02-06 04:56:00,456.30298
2019-02-06 04:57:00,451.46826
2019-02-06 04:58:00,440.35382
2019-02-06 04:59:00,495.96664
2019-02-06 05:00:00,448.52542
2019-02-06 05:01:00,450.65213
2019-02-06 05:02:00,439.4612
2019-02-06 05:03:00,457.5936
2019-02-06 05:04:00,465.00708
2019-02-06 05:05:00,465.7177
2019-02-06 05:06:00,443.04034
2019-02-06 05:07:00,496.26666
2019-02-06 05:08:00,489.66675
2019-02-06 05:09:00,513.35675
2019-02-06 05:10:00,515.70935
2019-02-06 05:11:00,533.17316
2019-02-06 05:12:00,537.55664
2019-02-06 05:13:00,551.6043
2019-02-06 05:14:00,562.1339
2019-02-06 05:15:00,519.5944
2019-02-06 05:16:00,511.90662
2019-02-06 05:17:00,558.24896
2019-02-06 05:18:00,507.57257
2019-02-06 05:19:00,473.4932
2019-02-06 05:20:00,523.69965
2019-02-06 05:21:00,484.0561
2019-02-06 05:22:00,539.9615
2019-02-06 05:23:00,500.61102
2019-02-06 05:24:00,537.11316
2019-02-06 05:25:00,523.0835
2019-02-06 05:26:00,544.449
2019-02-06 05:27:00,524.0285
2019-02-06 05:28:00,497.739
2019-02-06 05:29:00,507.72473
2019-02-06 05:30:00,513.7823
2019-02-06 05:31:00,505.45642
2019-02-06 05:32:00,544.085
2019-02-06 05:33:00,520.29486
2019-02-06 05:34:00,548.204
2019-02-06 05:35:00,528.4758
2019-02-06 05:36:00,504.1415
2019-02-06 05:37:00,514.0385
2019-02-06 05:38:00,561.9306
2019-02-06 05:39:00,575.0011
2019-02-06 05:40:00,532.00116
2019-02-06 05:41:00,538.47095
2019-02-06 05:42:00,530.80865
2019-02-06 05:43:00,528.8127
2019-02-06 05:44:00,502.7782
2019-02-06 05:45:00,549.4808
2019-02-06 05:46:00,523.9201
2019-02-06 05:47:00,531.2022
2019-02-06 05:48:00,553.718
2019-02-06 05:49:00,579.3813
2019-02-06 05:50:00,530.17487
2019-02-06 05:51:00,540.75476
2019-02-06 05:52:00,565.4271
2019-02-06 05:53:00,544.20605
2019-02-06 05:54:00,524.609
2019-02-06 05:55:00,555.3549
2019-02-06 05:56:00,562.876
2019-02-06 05:57:00,552.66907
2019-02-06 05:58:00,568.0804
2019-02-06 05:59:00,577.82404
2019-02-06 06:00:00,549.01996
